Product Name,Specifications,Brand,Review,Sentiment
Intel Core i3-13100,"4 cores, 8 threads, 4.5 GHz Turbo Boost, 12 MB Intel Smart Cache.",Intel,This processor offers amazing performance for gaming and multitasking. Highly recommend!,Positive
Intel Xeon W-3375,"38 cores, 76 threads, 4.0 GHz Turbo Boost, 57 MB Intel Smart Cache.",Intel,Great overclocking capabilities. I'm very pleased with the results.,Positive
Intel Core i9-13900K,"24 cores (8 P-cores and 16 E-cores), 32 threads, 5.8 GHz Turbo Boost, 36 MB Intel Smart Cache.",Intel,The thermal performance is poor. It runs too hot for my liking.,Negative
Intel Core i7-13700K,"16 cores (8 P-cores and 8 E-cores), 24 threads, 5.4 GHz Turbo Boost, 30 MB Intel Smart Cache.",Intel,Best investment for content creation and gaming. Can't recommend it enough!,Positive
Intel Core i3-12100,"4 cores, 8 threads, 4.3 GHz Turbo Boost, 12 MB Intel Smart Cache.",Intel,I faced a lot of problems with overheating. Would not recommend.,Negative
Intel Core i3-12100,"4 cores, 8 threads, 4.3 GHz Turbo Boost, 12 MB Intel Smart Cache.",Intel,It didn't deliver the performance boost I was hoping for.,Negative
Intel Core i7-13700K,"16 cores (8 P-cores and 8 E-cores), 24 threads, 5.4 GHz Turbo Boost, 30 MB Intel Smart Cache.",Intel,It didn't deliver the performance boost I was hoping for.,Negative
Intel Core i7-12700K,"12 cores (8 P-cores and 4 E-cores), 20 threads, 5.0 GHz Turbo Boost, 25 MB Intel Smart Cache.",Intel,The power of this processor is outstanding. It handles heavy tasks seamlessly.,Positive
Intel Core i5-12600K,"10 cores (6 P-cores and 4 E-cores), 16 threads, 4.9 GHz Turbo Boost, 20 MB Intel Smart Cache.",Intel,I faced a lot of problems with overheating. Would not recommend.,Negative
Intel Core i5-12400F,"6 cores, 12 threads, 4.4 GHz Turbo Boost, 18 MB Intel Smart Cache.",Intel,Incredible speed and efficiency. Worth every penny!,Positive
Intel Core i5-13600K,"14 cores (6 P-cores and 8 E-cores), 20 threads, 5.1 GHz Turbo Boost, 20 MB Intel Smart Cache.",Intel,Excellent choice for high-end builds. It handles everything with ease.,Positive
Intel Core i3-13100,"4 cores, 8 threads, 4.5 GHz Turbo Boost, 12 MB Intel Smart Cache.",Intel,I encountered stability issues during heavy loads. Not worth it.,Negative
Intel Core i5-12600K,"10 cores (6 P-cores and 4 E-cores), 16 threads, 4.9 GHz Turbo Boost, 20 MB Intel Smart Cache.",Intel,I faced a lot of problems with overheating. Would not recommend.,Negative
Intel Core i9-13900K,"24 cores (8 P-cores and 16 E-cores), 32 threads, 5.8 GHz Turbo Boost, 36 MB Intel Smart Cache.",Intel,I expected more from this processor. It's underwhelming for the price.,Negative
Intel Core i7-12700K,"12 cores (8 P-cores and 4 E-cores), 20 threads, 5.0 GHz Turbo Boost, 25 MB Intel Smart Cache.",Intel,The power consumption is too high for what it offers.,Negative
Intel Core i7-13700K,"16 cores (8 P-cores and 8 E-cores), 24 threads, 5.4 GHz Turbo Boost, 30 MB Intel Smart Cache.",Intel,This processor offers amazing performance for gaming and multitasking. Highly recommend!,Positive
Intel Core i7-13700K,"16 cores (8 P-cores and 8 E-cores), 24 threads, 5.4 GHz Turbo Boost, 30 MB Intel Smart Cache.",Intel,This processor is overhyped. I've had better experiences with cheaper options.,Negative
Intel Core i7-13700K,"16 cores (8 P-cores and 8 E-cores), 24 threads, 5.4 GHz Turbo Boost, 30 MB Intel Smart Cache.",Intel,It didn't deliver the performance boost I was hoping for.,Negative
Intel Core i7-12700K,"12 cores (8 P-cores and 4 E-cores), 20 threads, 5.0 GHz Turbo Boost, 25 MB Intel Smart Cache.",Intel,The thermal performance is poor. It runs too hot for my liking.,Negative
Intel Core i7-12700K,"12 cores (8 P-cores and 4 E-cores), 20 threads, 5.0 GHz Turbo Boost, 25 MB Intel Smart Cache.",Intel,I expected more from this processor. It's underwhelming for the price.,Negative
Intel Core i9-12900K,"16 cores (8 P-cores and 8 E-cores), 24 threads, 5.2 GHz Turbo Boost, 30 MB Intel Smart Cache.",Intel,This CPU has exceeded my expectations. It's simply the best!,Positive
Intel Core i5-13600K,"14 cores (6 P-cores and 8 E-cores), 20 threads, 5.1 GHz Turbo Boost, 20 MB Intel Smart Cache.",Intel,I faced a lot of problems with overheating. Would not recommend.,Negative
Intel Core i9-13900K,"24 cores (8 P-cores and 16 E-cores), 32 threads, 5.8 GHz Turbo Boost, 36 MB Intel Smart Cache.",Intel,Incredible speed and efficiency. Worth every penny!,Positive
Intel Core i5-12400F,"6 cores, 12 threads, 4.4 GHz Turbo Boost, 18 MB Intel Smart Cache.",Intel,Best investment for content creation and gaming. Can't recommend it enough!,Positive
Intel Core i9-13900K,"24 cores (8 P-cores and 16 E-cores), 32 threads, 5.8 GHz Turbo Boost, 36 MB Intel Smart Cache.",Intel,This CPU struggles with basic multitasking. Very disappointed.,Negative
Intel Core i9-12900K,"16 cores (8 P-cores and 8 E-cores), 24 threads, 5.2 GHz Turbo Boost, 30 MB Intel Smart Cache.",Intel,"The performance boost is remarkable, especially for demanding applications.",Positive
Intel Core i9-13900K,"24 cores (8 P-cores and 16 E-cores), 32 threads, 5.8 GHz Turbo Boost, 36 MB Intel Smart Cache.",Intel,I've noticed a significant improvement in my productivity since upgrading to this CPU.,Positive
Intel Core i5-12400F,"6 cores, 12 threads, 4.4 GHz Turbo Boost, 18 MB Intel Smart Cache.",Intel,This CPU has exceeded my expectations. It's simply the best!,Positive
Intel Core i5-12400F,"6 cores, 12 threads, 4.4 GHz Turbo Boost, 18 MB Intel Smart Cache.",Intel,I faced a lot of problems with overheating. Would not recommend.,Negative
Intel Core i7-12700K,"12 cores (8 P-cores and 4 E-cores), 20 threads, 5.0 GHz Turbo Boost, 25 MB Intel Smart Cache.",Intel,The power of this processor is outstanding. It handles heavy tasks seamlessly.,Positive
Intel Core i5-12400F,"6 cores, 12 threads, 4.4 GHz Turbo Boost, 18 MB Intel Smart Cache.",Intel,I've noticed a significant improvement in my productivity since upgrading to this CPU.,Positive
Intel Core i5-12400F,"6 cores, 12 threads, 4.4 GHz Turbo Boost, 18 MB Intel Smart Cache.",Intel,This CPU has exceeded my expectations. It's simply the best!,Positive
Intel Core i5-12600K,"10 cores (6 P-cores and 4 E-cores), 16 threads, 4.9 GHz Turbo Boost, 20 MB Intel Smart Cache.",Intel,The thermal performance is poor. It runs too hot for my liking.,Negative
Intel Xeon W-3375,"38 cores, 76 threads, 4.0 GHz Turbo Boost, 57 MB Intel Smart Cache.",Intel,Best investment for content creation and gaming. Can't recommend it enough!,Positive
Intel Core i5-12400F,"6 cores, 12 threads, 4.4 GHz Turbo Boost, 18 MB Intel Smart Cache.",Intel,The power consumption is too high for what it offers.,Negative
Intel Core i3-12100,"4 cores, 8 threads, 4.3 GHz Turbo Boost, 12 MB Intel Smart Cache.",Intel,I'm very satisfied with my purchase. It runs cool and quiet.,Positive
Intel Core i3-13100,"4 cores, 8 threads, 4.5 GHz Turbo Boost, 12 MB Intel Smart Cache.",Intel,Incredible speed and efficiency. Worth every penny!,Positive
Intel Core i9-13900K,"24 cores (8 P-cores and 16 E-cores), 32 threads, 5.8 GHz Turbo Boost, 36 MB Intel Smart Cache.",Intel,I expected more from this processor. It's underwhelming for the price.,Negative
Intel Core i7-12700K,"12 cores (8 P-cores and 4 E-cores), 20 threads, 5.0 GHz Turbo Boost, 25 MB Intel Smart Cache.",Intel,"The performance boost is remarkable, especially for demanding applications.",Positive
Intel Core i7-13700K,"16 cores (8 P-cores and 8 E-cores), 24 threads, 5.4 GHz Turbo Boost, 30 MB Intel Smart Cache.",Intel,It has compatibility issues with my motherboard. Very frustrating!,Negative
Intel Core i7-12700K,"12 cores (8 P-cores and 4 E-cores), 20 threads, 5.0 GHz Turbo Boost, 25 MB Intel Smart Cache.",Intel,Best investment for content creation and gaming. Can't recommend it enough!,Positive
Intel Core i9-12900K,"16 cores (8 P-cores and 8 E-cores), 24 threads, 5.2 GHz Turbo Boost, 30 MB Intel Smart Cache.",Intel,I'm regretting my decision to purchase this CPU. Not impressed at all.,Negative
Intel Core i7-12700K,"12 cores (8 P-cores and 4 E-cores), 20 threads, 5.0 GHz Turbo Boost, 25 MB Intel Smart Cache.",Intel,I expected more from this processor. It's underwhelming for the price.,Negative
Intel Core i5-12600K,"10 cores (6 P-cores and 4 E-cores), 16 threads, 4.9 GHz Turbo Boost, 20 MB Intel Smart Cache.",Intel,Best investment for content creation and gaming. Can't recommend it enough!,Positive
Intel Core i5-12600K,"10 cores (6 P-cores and 4 E-cores), 16 threads, 4.9 GHz Turbo Boost, 20 MB Intel Smart Cache.",Intel,I'm very satisfied with my purchase. It runs cool and quiet.,Positive
Intel Core i5-13600K,"14 cores (6 P-cores and 8 E-cores), 20 threads, 5.1 GHz Turbo Boost, 20 MB Intel Smart Cache.",Intel,It has compatibility issues with my motherboard. Very frustrating!,Negative
Intel Core i9-12900K,"16 cores (8 P-cores and 8 E-cores), 24 threads, 5.2 GHz Turbo Boost, 30 MB Intel Smart Cache.",Intel,Excellent choice for high-end builds. It handles everything with ease.,Positive
Intel Core i9-13900K,"24 cores (8 P-cores and 16 E-cores), 32 threads, 5.8 GHz Turbo Boost, 36 MB Intel Smart Cache.",Intel,This CPU has exceeded my expectations. It's simply the best!,Positive
Intel Core i3-12100,"4 cores, 8 threads, 4.3 GHz Turbo Boost, 12 MB Intel Smart Cache.",Intel,I faced a lot of problems with overheating. Would not recommend.,Negative
Intel Core i7-13700K,"16 cores (8 P-cores and 8 E-cores), 24 threads, 5.4 GHz Turbo Boost, 30 MB Intel Smart Cache.",Intel,The power of this processor is outstanding. It handles heavy tasks seamlessly.,Positive
Intel Core i5-12400F,"6 cores, 12 threads, 4.4 GHz Turbo Boost, 18 MB Intel Smart Cache.",Intel,This processor is overhyped. I've had better experiences with cheaper options.,Negative
Intel Core i9-13900K,"24 cores (8 P-cores and 16 E-cores), 32 threads, 5.8 GHz Turbo Boost, 36 MB Intel Smart Cache.",Intel,Great overclocking capabilities. I'm very pleased with the results.,Positive
Intel Core i9-13900K,"24 cores (8 P-cores and 16 E-cores), 32 threads, 5.8 GHz Turbo Boost, 36 MB Intel Smart Cache.",Intel,The thermal performance is poor. It runs too hot for my liking.,Negative
Intel Core i9-12900K,"16 cores (8 P-cores and 8 E-cores), 24 threads, 5.2 GHz Turbo Boost, 30 MB Intel Smart Cache.",Intel,It has compatibility issues with my motherboard. Very frustrating!,Negative
Intel Xeon W-3375,"38 cores, 76 threads, 4.0 GHz Turbo Boost, 57 MB Intel Smart Cache.",Intel,I'm very satisfied with my purchase. It runs cool and quiet.,Positive
Intel Core i3-13100,"4 cores, 8 threads, 4.5 GHz Turbo Boost, 12 MB Intel Smart Cache.",Intel,This processor offers amazing performance for gaming and multitasking. Highly recommend!,Positive
Intel Core i3-12100,"4 cores, 8 threads, 4.3 GHz Turbo Boost, 12 MB Intel Smart Cache.",Intel,I've noticed a significant improvement in my productivity since upgrading to this CPU.,Positive
Intel Core i5-12600K,"10 cores (6 P-cores and 4 E-cores), 16 threads, 4.9 GHz Turbo Boost, 20 MB Intel Smart Cache.",Intel,I'm regretting my decision to purchase this CPU. Not impressed at all.,Negative
Intel Core i5-13600K,"14 cores (6 P-cores and 8 E-cores), 20 threads, 5.1 GHz Turbo Boost, 20 MB Intel Smart Cache.",Intel,Best investment for content creation and gaming. Can't recommend it enough!,Positive
Intel Core i5-13600K,"14 cores (6 P-cores and 8 E-cores), 20 threads, 5.1 GHz Turbo Boost, 20 MB Intel Smart Cache.",Intel,It has compatibility issues with my motherboard. Very frustrating!,Negative
Intel Core i5-13600K,"14 cores (6 P-cores and 8 E-cores), 20 threads, 5.1 GHz Turbo Boost, 20 MB Intel Smart Cache.",Intel,"The performance boost is remarkable, especially for demanding applications.",Positive
Intel Core i3-12100,"4 cores, 8 threads, 4.3 GHz Turbo Boost, 12 MB Intel Smart Cache.",Intel,I expected more from this processor. It's underwhelming for the price.,Negative
Intel Core i5-13600K,"14 cores (6 P-cores and 8 E-cores), 20 threads, 5.1 GHz Turbo Boost, 20 MB Intel Smart Cache.",Intel,The thermal performance is poor. It runs too hot for my liking.,Negative
Intel Core i3-13100,"4 cores, 8 threads, 4.5 GHz Turbo Boost, 12 MB Intel Smart Cache.",Intel,The power consumption is too high for what it offers.,Negative
Intel Xeon W-3375,"38 cores, 76 threads, 4.0 GHz Turbo Boost, 57 MB Intel Smart Cache.",Intel,This CPU struggles with basic multitasking. Very disappointed.,Negative
Intel Core i5-12600K,"10 cores (6 P-cores and 4 E-cores), 16 threads, 4.9 GHz Turbo Boost, 20 MB Intel Smart Cache.",Intel,Best investment for content creation and gaming. Can't recommend it enough!,Positive
Intel Core i7-13700K,"16 cores (8 P-cores and 8 E-cores), 24 threads, 5.4 GHz Turbo Boost, 30 MB Intel Smart Cache.",Intel,I encountered stability issues during heavy loads. Not worth it.,Negative
Intel Xeon W-3375,"38 cores, 76 threads, 4.0 GHz Turbo Boost, 57 MB Intel Smart Cache.",Intel,Excellent choice for high-end builds. It handles everything with ease.,Positive
Intel Core i9-12900K,"16 cores (8 P-cores and 8 E-cores), 24 threads, 5.2 GHz Turbo Boost, 30 MB Intel Smart Cache.",Intel,I expected more from this processor. It's underwhelming for the price.,Negative
Intel Core i9-12900K,"16 cores (8 P-cores and 8 E-cores), 24 threads, 5.2 GHz Turbo Boost, 30 MB Intel Smart Cache.",Intel,I've noticed a significant improvement in my productivity since upgrading to this CPU.,Positive
Intel Core i3-13100,"4 cores, 8 threads, 4.5 GHz Turbo Boost, 12 MB Intel Smart Cache.",Intel,This processor offers amazing performance for gaming and multitasking. Highly recommend!,Positive
Intel Xeon W-3375,"38 cores, 76 threads, 4.0 GHz Turbo Boost, 57 MB Intel Smart Cache.",Intel,This processor offers amazing performance for gaming and multitasking. Highly recommend!,Positive
Intel Xeon W-3375,"38 cores, 76 threads, 4.0 GHz Turbo Boost, 57 MB Intel Smart Cache.",Intel,I faced a lot of problems with overheating. Would not recommend.,Negative
Intel Core i3-12100,"4 cores, 8 threads, 4.3 GHz Turbo Boost, 12 MB Intel Smart Cache.",Intel,I'm very satisfied with my purchase. It runs cool and quiet.,Positive
Intel Xeon W-3375,"38 cores, 76 threads, 4.0 GHz Turbo Boost, 57 MB Intel Smart Cache.",Intel,I encountered stability issues during heavy loads. Not worth it.,Negative
Intel Core i3-12100,"4 cores, 8 threads, 4.3 GHz Turbo Boost, 12 MB Intel Smart Cache.",Intel,Great overclocking capabilities. I'm very pleased with the results.,Positive
Intel Core i3-13100,"4 cores, 8 threads, 4.5 GHz Turbo Boost, 12 MB Intel Smart Cache.",Intel,The power consumption is too high for what it offers.,Negative
Intel Core i7-13700K,"16 cores (8 P-cores and 8 E-cores), 24 threads, 5.4 GHz Turbo Boost, 30 MB Intel Smart Cache.",Intel,I'm very satisfied with my purchase. It runs cool and quiet.,Positive
Intel Xeon W-3375,"38 cores, 76 threads, 4.0 GHz Turbo Boost, 57 MB Intel Smart Cache.",Intel,I expected more from this processor. It's underwhelming for the price.,Negative
Intel Core i7-12700K,"12 cores (8 P-cores and 4 E-cores), 20 threads, 5.0 GHz Turbo Boost, 25 MB Intel Smart Cache.",Intel,I encountered stability issues during heavy loads. Not worth it.,Negative
Intel Core i9-12900K,"16 cores (8 P-cores and 8 E-cores), 24 threads, 5.2 GHz Turbo Boost, 30 MB Intel Smart Cache.",Intel,I expected more from this processor. It's underwhelming for the price.,Negative
Intel Core i3-13100,"4 cores, 8 threads, 4.5 GHz Turbo Boost, 12 MB Intel Smart Cache.",Intel,Great overclocking capabilities. I'm very pleased with the results.,Positive
Intel Core i7-12700K,"12 cores (8 P-cores and 4 E-cores), 20 threads, 5.0 GHz Turbo Boost, 25 MB Intel Smart Cache.",Intel,Best investment for content creation and gaming. Can't recommend it enough!,Positive
Intel Core i9-12900K,"16 cores (8 P-cores and 8 E-cores), 24 threads, 5.2 GHz Turbo Boost, 30 MB Intel Smart Cache.",Intel,Best investment for content creation and gaming. Can't recommend it enough!,Positive
Intel Core i9-12900K,"16 cores (8 P-cores and 8 E-cores), 24 threads, 5.2 GHz Turbo Boost, 30 MB Intel Smart Cache.",Intel,The thermal performance is poor. It runs too hot for my liking.,Negative
Intel Core i5-12400F,"6 cores, 12 threads, 4.4 GHz Turbo Boost, 18 MB Intel Smart Cache.",Intel,I expected more from this processor. It's underwhelming for the price.,Negative
Intel Core i5-12400F,"6 cores, 12 threads, 4.4 GHz Turbo Boost, 18 MB Intel Smart Cache.",Intel,The power consumption is too high for what it offers.,Negative
Intel Core i5-12600K,"10 cores (6 P-cores and 4 E-cores), 16 threads, 4.9 GHz Turbo Boost, 20 MB Intel Smart Cache.",Intel,Great overclocking capabilities. I'm very pleased with the results.,Positive
Intel Core i7-13700K,"16 cores (8 P-cores and 8 E-cores), 24 threads, 5.4 GHz Turbo Boost, 30 MB Intel Smart Cache.",Intel,This processor offers amazing performance for gaming and multitasking. Highly recommend!,Positive
Intel Core i5-12600K,"10 cores (6 P-cores and 4 E-cores), 16 threads, 4.9 GHz Turbo Boost, 20 MB Intel Smart Cache.",Intel,I'm very satisfied with my purchase. It runs cool and quiet.,Positive
Intel Core i9-13900K,"24 cores (8 P-cores and 16 E-cores), 32 threads, 5.8 GHz Turbo Boost, 36 MB Intel Smart Cache.",Intel,Best investment for content creation and gaming. Can't recommend it enough!,Positive
Intel Core i3-12100,"4 cores, 8 threads, 4.3 GHz Turbo Boost, 12 MB Intel Smart Cache.",Intel,Incredible speed and efficiency. Worth every penny!,Positive
Intel Core i5-13600K,"14 cores (6 P-cores and 8 E-cores), 20 threads, 5.1 GHz Turbo Boost, 20 MB Intel Smart Cache.",Intel,Excellent choice for high-end builds. It handles everything with ease.,Positive
Intel Core i3-13100,"4 cores, 8 threads, 4.5 GHz Turbo Boost, 12 MB Intel Smart Cache.",Intel,I'm regretting my decision to purchase this CPU. Not impressed at all.,Negative
Intel Core i3-12100,"4 cores, 8 threads, 4.3 GHz Turbo Boost, 12 MB Intel Smart Cache.",Intel,This CPU struggles with basic multitasking. Very disappointed.,Negative
Intel Core i5-13600K,"14 cores (6 P-cores and 8 E-cores), 20 threads, 5.1 GHz Turbo Boost, 20 MB Intel Smart Cache.",Intel,Best investment for content creation and gaming. Can't recommend it enough!,Positive
Intel Xeon W-3375,"38 cores, 76 threads, 4.0 GHz Turbo Boost, 57 MB Intel Smart Cache.",Intel,I'm regretting my decision to purchase this CPU. Not impressed at all.,Negative
Intel Core i5-12600K,"10 cores (6 P-cores and 4 E-cores), 16 threads, 4.9 GHz Turbo Boost, 20 MB Intel Smart Cache.",Intel,I'm regretting my decision to purchase this CPU. Not impressed at all.,Negative
Intel Core i5-13600K,"14 cores (6 P-cores and 8 E-cores), 20 threads, 5.1 GHz Turbo Boost, 20 MB Intel Smart Cache.",Intel,It has compatibility issues with my motherboard. Very frustrating!,Negative
Intel Core i3-13100,"4 cores, 8 threads, 4.5 GHz Turbo Boost, 12 MB Intel Smart Cache.",Intel,The thermal performance is poor. It runs too hot for my liking.,Negative
